cost	probability	
48	1.000010000100001e-05	
53	2.000020000200002e-05	
56	3.000030000300003e-05	
57	4.000040000400004e-05	
59	5.0000500005000046e-05	
60	6.000060000600005e-05	
61	7.000070000700006e-05	
63	0.00010000100001000009	
64	0.00015000150001500014	
65	0.00019000190001900016	
66	0.0002200022000220002	
68	0.0002400024000240002	
70	0.0003200032000320003	
71	0.0003500035000350003	
72	0.00036000360003600034	
73	0.00040000400004000037	
74	0.0004400044000440004	
75	0.0005200052000520005	
76	0.0005800058000580005	
77	0.0006200062000620006	
78	0.0006900069000690006	
79	0.0007400074000740007	
80	0.0007900079000790008	
81	0.0008900089000890009	
82	0.0009500095000950009	
83	0.001040010400104001	
84	0.0011400114001140012	
85	0.0012600126001260012	
86	0.0013400134001340014	
87	0.0014100141001410014	
88	0.0015300153001530014	
89	0.0016200162001620015	
90	0.0017200172001720017	
91	0.0019000190001900018	
92	0.002050020500205002	
93	0.002220022200222002	
94	0.0023700237002370022	
95	0.0025700257002570026	
96	0.0026700267002670026	
97	0.0027700277002770026	
98	0.002930029300293003	
99	0.003060030600306003	
100	0.003140031400314003	
101	0.003310033100331003	
102	0.003450034500345003	
103	0.0036000360003600033	
104	0.0038200382003820035	
105	0.003940039400394004	
106	0.004100041000410004	
107	0.004310043100431004	
108	0.004620046200462005	
109	0.004840048400484005	
110	0.005170051700517006	
111	0.005460054600546006	
112	0.005780057800578007	
113	0.006100061000610007	
114	0.006410064100641008	
115	0.006650066500665008	
116	0.006900069000690009	
117	0.007180071800718009	
118	0.007590075900759009	
119	0.00793007930079301	
120	0.00825008250082501	
121	0.00864008640086401	
122	0.008970089700897011	
123	0.009400094000940011	
124	0.009770097700977011	
125	0.010260102601026012	
126	0.010710107101071013	
127	0.011100111001110012	
128	0.011510115101151012	
129	0.011970119701197013	
130	0.012350123501235013	
131	0.012670126701267014	
132	0.013050130501305013	
133	0.013390133901339014	
134	0.013780137801378014	
135	0.014200142001420014	
136	0.014580145801458014	
137	0.014920149201492015	
138	0.015380153801538015	
139	0.015650156501565017	
140	0.015980159801598018	
141	0.01633016330163302	
142	0.01671016710167102	
143	0.01716017160171602	
144	0.01745017450174502	
145	0.01786017860178602	
146	0.018180181801818022	
147	0.018470184701847022	
148	0.01865018650186502	
149	0.01894018940189402	
150	0.01923019230192302	
151	0.01950019500195002	
152	0.019800198001980022	
153	0.020070200702007022	
154	0.020350203502035022	
155	0.02052020520205202	
156	0.02074020740207402	
157	0.02092020920209202	
158	0.02128021280212802	
159	0.02156021560215602	
160	0.02179021790217902	
161	0.02201022010220102	
162	0.022210222102221018	
163	0.022490224902249018	
164	0.022740227402274018	
165	0.023010230102301018	
166	0.023230232302323017	
167	0.023470234702347017	
168	0.023760237602376017	
169	0.024040240402404017	
170	0.024350243502435018	
171	0.02468024680246802	
172	0.024900249002490018	
173	0.02521025210252102	
174	0.02553025530255302	
175	0.02582025820258202	
176	0.02612026120261202	
177	0.02637026370263702	
178	0.02666026660266602	
179	0.02696026960269602	
180	0.02731027310273102	
181	0.02775027750277502	
182	0.02808028080280802	
183	0.02840028400284002	
184	0.028770287702877023	
185	0.029140291402914024	
186	0.029590295902959023	
187	0.029980299802998024	
188	0.030320303203032025	
189	0.030710307103071027	
190	0.031110311103111028	
191	0.03154031540315403	
192	0.03189031890318903	
193	0.03228032280322803	
194	0.03260032600326003	
195	0.03299032990329903	
196	0.03333033330333303	
197	0.03373033730337303	
198	0.03416034160341603	
199	0.03462034620346203	
200	0.035020350203502026	
201	0.03539035390353903	
202	0.035830358303583026	
203	0.036290362903629025	
204	0.036690366903669024	
205	0.03715037150371502	
206	0.03748037480374802	
207	0.03800038000380002	
208	0.038350383503835024	
209	0.038660386603866025	
210	0.03910039100391002	
211	0.039550395503955026	
212	0.03994039940399403	
213	0.04033040330403303	
214	0.04074040740407403	
215	0.04121041210412103	
216	0.041700417004170036	
217	0.042240422404224036	
218	0.04271042710427104	
219	0.04311043110431104	
220	0.043510435104351035	
221	0.04398043980439804	
222	0.04452044520445204	
223	0.04493044930449304	
224	0.04543045430454304	
225	0.04592045920459204	
226	0.04651046510465104	
227	0.04696046960469604	
228	0.04742047420474204	
229	0.04787047870478704	
230	0.04848048480484804	
231	0.04883048830488304	
232	0.049400494004940045	
233	0.04991049910499105	
234	0.05042050420504205	
235	0.05092050920509205	
236	0.05135051350513505	
237	0.051840518405184055	
238	0.05251052510525105	
239	0.053250532505325056	
240	0.05385053850538506	
241	0.05443054430544306	
242	0.054890548905489056	
243	0.055500555005550054	
244	0.05613056130561305	
245	0.056890568905689054	
246	0.05764057640576405	
247	0.05837058370583705	
248	0.059070590705907054	
249	0.059980599805998056	
250	0.06061060610606105	
251	0.061290612906129055	
252	0.06186061860618606	
253	0.06280062800628006	
254	0.06354063540635406	
255	0.06426064260642605	
256	0.06475064750647505	
257	0.06540065400654005	
258	0.06626066260662605	
259	0.06706067060670605	
260	0.06764067640676405	
261	0.06841068410684105	
262	0.06909069090690904	
263	0.06993069930699304	
264	0.07066070660706604	
265	0.07131071310713104	
266	0.07217072170721704	
267	0.07295072950729505	
268	0.07382073820738205	
269	0.07457074570745706	
270	0.07527075270752706	
271	0.07598075980759807	
272	0.07689076890768906	
273	0.07772077720777207	
274	0.07854078540785407	
275	0.07927079270792707	
276	0.08007080070800707	
277	0.08094080940809407	
278	0.08179081790817908	
279	0.08270082700827007	
280	0.08355083550835507	
281	0.08430084300843008	
282	0.08515085150851508	
283	0.08609086090860908	
284	0.08689086890868908	
285	0.08778087780877808	
286	0.08891088910889108	
287	0.08977089770897709	
288	0.09066090660906609	
289	0.09175091750917509	
290	0.09243092430924309	
291	0.09335093350933509	
292	0.09423094230942308	
293	0.09500095000950008	
294	0.09602096020960209	
295	0.09686096860968609	
296	0.09774097740977408	
297	0.09868098680986809	
298	0.09968099680996809	
299	0.10064100641006408	
300	0.10141101411014108	
301	0.10223102231022309	
302	0.10309103091030909	
303	0.1040210402104021	
304	0.10513105131051309	
305	0.10620106201062009	
306	0.10712107121071208	
307	0.10812108121081208	
308	0.10908109081090808	
309	0.11023110231102308	
310	0.11123111231112308	
311	0.11211112111121108	
312	0.11312113121131208	
313	0.11410114101141008	
314	0.11507115071150709	
315	0.11610116101161008	
316	0.11703117031170308	
317	0.11798117981179808	
318	0.11918119181191808	
319	0.12009120091200907	
320	0.12110121101211008	
321	0.12208122081220808	
322	0.12320123201232008	
323	0.12424124241242408	
324	0.1251912519125191	
325	0.1262212622126221	
326	0.12725127251272508	
327	0.1282912829128291	
328	0.1293112931129311	
329	0.1302613026130261	
330	0.1311513115131151	
331	0.1322813228132281	
332	0.1331513315133151	
333	0.1342013420134201	
334	0.1349813498134981	
335	0.1360313603136031	
336	0.13699136991369912	
337	0.1379713797137971	
338	0.1388613886138861	
339	0.1399513995139951	
340	0.1411014110141101	
341	0.1422914229142291	
342	0.1433814338143381	
343	0.1442614426144261	
344	0.1455414554145541	
345	0.1465414654146541	
346	0.1476914769147691	
347	0.14898148981489812	
348	0.1500715007150071	
349	0.1512715127151271	
350	0.1522615226152261	
351	0.1531715317153171	
352	0.1544215442154421	
353	0.1554915549155491	
354	0.1566615666156661	
355	0.1576815768157681	
356	0.1587415874158741	
357	0.1600716007160071	
358	0.1612616126161261	
359	0.16270162701627008	
360	0.16373163731637308	
361	0.16492164921649208	
362	0.1659916599165991	
363	0.16689166891668908	
364	0.16799167991679909	
365	0.1689816898168981	
366	0.1701217012170121	
367	0.17099170991709908	
368	0.1720917209172091	
369	0.1731717317173171	
370	0.1742517425174251	
371	0.1752717527175271	
372	0.17647176471764708	
373	0.17761177611776108	
374	0.17888178881788808	
375	0.18010180101801007	
376	0.18112181121811208	
377	0.18228182281822808	
378	0.18361183611836107	
379	0.18470184701847006	
380	0.18590185901859005	
381	0.18719187191871905	
382	0.18851188511885106	
383	0.18963189631896307	
384	0.19092190921909208	
385	0.19190191901919007	
386	0.19319193191931908	
387	0.19436194361943607	
388	0.19556195561955605	
389	0.19672196721967206	
390	0.19804198041980406	
391	0.19912199121991206	
392	0.20023200232002306	
393	0.20138201382013807	
394	0.20267202672026707	
395	0.20365203652036507	
396	0.20485204852048505	
397	0.20615206152061505	
398	0.20749207492074906	
399	0.20878208782087807	
400	0.21012210122101208	
401	0.21101211012110108	
402	0.21226212262122607	
403	0.21343213432134306	
404	0.21477214772147707	
405	0.21598215982159807	
406	0.21720217202172007	
407	0.21849218492184908	
408	0.22002220022200208	
409	0.22108221082210808	
410	0.22237222372223708	
411	0.22365223652236507	
412	0.22481224812248107	
413	0.22606226062260606	
414	0.22717227172271706	
415	0.22837228372283705	
416	0.22959229592295904	
417	0.23090230902309006	
418	0.23212232122321205	
419	0.23323233232332305	
420	0.23449234492344906	
421	0.23562235622356206	
422	0.23656236562365607	
423	0.23797237972379706	
424	0.23906239062390605	
425	0.24016240162401606	
426	0.24123241232412307	
427	0.24228242282422807	
428	0.24364243642436406	
429	0.24496244962449606	
430	0.24601246012460107	
431	0.24721247212472106	
432	0.24830248302483005	
433	0.24939249392493903	
434	0.25065250652506504	
435	0.25192251922519204	
436	0.25308253082530807	
437	0.2542425424254241	
438	0.2553925539255391	
439	0.2566525665256651	
440	0.2580825808258081	
441	0.2591625916259161	
442	0.2603926039260391	
443	0.2615026150261501	
444	0.2627526275262751	
445	0.2640026400264001	
446	0.2654626546265461	
447	0.2666926669266691	
448	0.2681326813268131	
449	0.26938269382693814	
450	0.2708927089270891	
451	0.2721227212272121	
452	0.2733427334273341	
453	0.2745227452274521	
454	0.27580275802758014	
455	0.27708277082770816	
456	0.27803278032780315	
457	0.2792527925279252	
458	0.28048280482804816	
459	0.28175281752817516	
460	0.28307283072830713	
461	0.28435284352843515	
462	0.28562285622856215	
463	0.28671286712867117	
464	0.2879928799287992	
465	0.2892028920289202	
466	0.2903529035290352	
467	0.2915629156291562	
468	0.2928529285292852	
469	0.29414294142941416	
470	0.2952329523295232	
471	0.2965629656296562	
472	0.2979129791297912	
473	0.2991529915299152	
474	0.3001830018300182	
475	0.3013530135301352	
476	0.3025630256302562	
477	0.3038630386303862	
478	0.30508305083050824	
479	0.3064030640306402	
480	0.3075530755307552	
481	0.30886308863088624	
482	0.31007310073100725	
483	0.3113931139311392	
484	0.3126331263312632	
485	0.31385313853138525	
486	0.31513315133151326	
487	0.3164131641316413	
488	0.3176931769317693	
489	0.3191131911319113	
490	0.3203232032320323	
491	0.32155321553215527	
492	0.3231232312323123	
493	0.3243332433324333	
494	0.32584325843258427	
495	0.3271532715327153	
496	0.3284532845328453	
497	0.3295632956329563	
498	0.33085330853308526	
499	0.33213332133321327	
500	0.3333433334333343	
501	0.33470334703347027	
502	0.3360733607336073	
503	0.3372933729337293	
504	0.3385933859338593	
505	0.3399233992339923	
506	0.3410734107341073	
507	0.3424334243342433	
508	0.34391343913439126	
509	0.34523345233452324	
510	0.3466834668346682	
511	0.34787347873478724	
512	0.34920349203492024	
513	0.35047350473504724	
514	0.3516035160351602	
515	0.3528935289352892	
516	0.3541935419354192	
517	0.35545355453554517	
518	0.35656356563565617	
519	0.3579035790357902	
520	0.3592535925359252	
521	0.3602736027360272	
522	0.36168361683616823	
523	0.36280362803628025	
524	0.36421364213642127	
525	0.3654036540365403	
526	0.3666636666366663	
527	0.3679736797367973	
528	0.3692436924369243	
529	0.3704837048370483	
530	0.3716937169371693	
531	0.3730437304373043	
532	0.3744337443374433	
533	0.3758937589375893	
534	0.3771737717377173	
535	0.37833378333783335	
536	0.3797137971379714	
537	0.3811238112381124	
538	0.3823438234382344	
539	0.38362383623836244	
540	0.38460384603846043	
541	0.38569385693856945	
542	0.38693386933869345	
543	0.3882838828388285	
544	0.38954389543895446	
545	0.39083390833908344	
546	0.39185391853918544	
547	0.3929239292392924	
548	0.39413394133941343	
549	0.3953339533395334	
550	0.3964639646396464	
551	0.3977239772397724	
552	0.3989339893398934	
553	0.4004240042400424	
554	0.4017040170401704	
555	0.4030040300403004	
556	0.4043340433404334	
557	0.4056640566405664	
558	0.40695406954069535	
559	0.40819408194081935	
560	0.40965409654096535	
561	0.41095410954109535	
562	0.41216412164121635	
563	0.41345413454134533	
564	0.4147541475414753	
565	0.41593415934159333	
566	0.4172541725417253	
567	0.4184941849418493	
568	0.4196341963419633	
569	0.4209342093420933	
570	0.42228422284222833	
571	0.4234842348423483	
572	0.4247242472424723	
573	0.42578425784257834	
574	0.42705427054270534	
575	0.42817428174281735	
576	0.42953429534295334	
577	0.43072430724307237	
578	0.43199431994319937	
579	0.43325433254332535	
580	0.4346343463434634	
581	0.43593435934359337	
582	0.4371243712437124	
583	0.4383843838438384	
584	0.4396243962439624	
585	0.44063440634406337	
586	0.44187441874418737	
587	0.4430944309443094	
588	0.4443944439444394	
589	0.4456344563445634	
590	0.4468044680446804	
591	0.44806448064480636	
592	0.44911449114491137	
593	0.45024450244502434	
594	0.45144451444514433	
595	0.45250452504525035	
596	0.45358453584535835	
597	0.45499454994549937	
598	0.4562745627456274	
599	0.4574845748457484	
600	0.4587945879458794	
601	0.4600846008460084	
602	0.4613246132461324	
603	0.46258462584625837	
604	0.46382463824638237	
605	0.46512465124651237	
606	0.46633466334663337	
607	0.46743467434674335	
608	0.46868468684686837	
609	0.4700547005470054	
610	0.47112471124711236	
611	0.4722847228472284	
612	0.4733747337473374	
613	0.47475474754747543	
614	0.4760847608476084	
615	0.47726477264772643	
616	0.47848478484784845	
617	0.47966479664796646	
618	0.48086480864808645	
619	0.48212482124821243	
620	0.4832248322483224	
621	0.4844648446484464	
622	0.4855348553485534	
623	0.4866148661486614	
624	0.4878148781487814	
625	0.48885488854888537	
626	0.49011490114901135	
627	0.49152491524915237	
628	0.4928349283492834	
629	0.4940449404494044	
630	0.4952449524495244	
631	0.4964249642496424	
632	0.4975749757497574	
633	0.4988649886498864	
634	0.4998549985499854	
635	0.5010950109501093	
636	0.5023350233502333	
637	0.5034950349503493	
638	0.5048450484504843	
639	0.5058850588505883	
640	0.5070150701507014	
641	0.5083550835508354	
642	0.5094950949509494	
643	0.5104851048510484	
644	0.5116851168511684	
645	0.5128851288512883	
646	0.5142551425514253	
647	0.5155751557515573	
648	0.5169651696516964	
649	0.5180951809518094	
650	0.5191351913519134	
651	0.5201952019520194	
652	0.5213852138521384	
653	0.5225852258522584	
654	0.5237752377523774	
655	0.5250152501525014	
656	0.5261152611526114	
657	0.5272852728527284	
658	0.5283852838528384	
659	0.5295752957529575	
660	0.5308253082530825	
661	0.5318953189531895	
662	0.5330653306533065	
663	0.5341353413534136	
664	0.5353653536535365	
665	0.5367853678536786	
666	0.5378553785537856	
667	0.5390053900539006	
668	0.5401254012540125	
669	0.5413554135541355	
670	0.5425654256542565	
671	0.5439254392543925	
672	0.5450754507545075	
673	0.5461054610546104	
674	0.5471654716547164	
675	0.5484054840548404	
676	0.5495754957549573	
677	0.5508455084550844	
678	0.5519755197551974	
679	0.5531855318553184	
680	0.5542255422554224	
681	0.5555855558555585	
682	0.5567955679556794	
683	0.5579955799557994	
684	0.5594055940559404	
685	0.5605656056560564	
686	0.5617056170561704	
687	0.5626656266562664	
688	0.5636956369563694	
689	0.5647456474564744	
690	0.5658656586565863	
691	0.5670556705567054	
692	0.5682656826568263	
693	0.5694056940569403	
694	0.5704757047570473	
695	0.5716757167571673	
696	0.5726957269572693	
697	0.5740457404574043	
698	0.5752457524575243	
699	0.5762557625576253	
700	0.5776057760577603	
701	0.5786757867578673	
702	0.5796457964579643	
703	0.5809558095580953	
704	0.5820158201582013	
705	0.5832358323583233	
706	0.5843458434584343	
707	0.5853758537585373	
708	0.5865558655586552	
709	0.5876858768587683	
710	0.5887158871588712	
711	0.5899458994589942	
712	0.5910459104591043	
713	0.5924059240592403	
714	0.5934259342593423	
715	0.5944859448594483	
716	0.5955759557595572	
717	0.5967759677596772	
718	0.5978259782597822	
719	0.5989059890598902	
720	0.5999659996599962	
721	0.6009960099600992	
722	0.6023860238602382	
723	0.6034860348603482	
724	0.6045360453604532	
725	0.6056260562605622	
726	0.6067560675606752	
727	0.6076860768607683	
728	0.6088060880608802	
729	0.6099860998609982	
730	0.6111661116611161	
731	0.6121961219612191	
732	0.6131961319613191	
733	0.61430614306143	
734	0.615486154861548	
735	0.616646166461664	
736	0.617736177361773	
737	0.618776187761877	
738	0.619826198261982	
739	0.6208662086620861	
740	0.6219662196621961	
741	0.6230462304623041	
742	0.6241362413624131	
743	0.625286252862528	
744	0.626426264262642	
745	0.627386273862738	
746	0.6283962839628391	
747	0.6291862918629181	
748	0.6301763017630171	
749	0.631266312663126	
750	0.632466324663246	
751	0.6336863368633681	
752	0.6347963479634791	
753	0.6357863578635781	
754	0.6368263682636821	
755	0.6379863798637981	
756	0.6390863908639082	
757	0.6401764017640171	
758	0.6412164121641212	
759	0.6421064210642101	
760	0.6432764327643271	
761	0.6443064430644301	
762	0.645336453364533	
763	0.6463464634646341	
764	0.6474264742647421	
765	0.64860648606486	
766	0.6499164991649911	
767	0.650976509765097	
768	0.652056520565205	
769	0.6530665306653061	
770	0.6540865408654081	
771	0.6549865498654981	
772	0.6560565605656051	
773	0.6569965699656991	
774	0.6579765797657972	
775	0.6589265892658922	
776	0.6599765997659972	
777	0.6609666096660962	
778	0.6619066190661902	
779	0.6628666286662862	
780	0.6638466384663843	
781	0.6647266472664722	
782	0.6657466574665742	
783	0.6668366683666832	
784	0.6677166771667712	
785	0.6686266862668622	
786	0.6696166961669612	
787	0.6706467064670641	
788	0.6716267162671622	
789	0.6726767267672672	
790	0.6735667356673561	
791	0.6745967459674591	
792	0.6756267562675621	
793	0.6767967679676791	
794	0.677796777967779	
795	0.678856788567885	
796	0.679856798567985	
797	0.680866808668086	
798	0.6819368193681931	
799	0.682796827968279	
800	0.683796837968379	
801	0.684836848368483	
802	0.6857868578685781	
803	0.686616866168661	
804	0.6876268762687621	
805	0.68850688506885	
806	0.6893768937689371	
807	0.6903069030690301	
808	0.6912169121691211	
809	0.692186921869218	
810	0.693296932969329	
811	0.694386943869438	
812	0.695396953969539	
813	0.696546965469654	
814	0.697676976769767	
815	0.698676986769867	
816	0.699756997569975	
817	0.700627006270062	
818	0.701587015870158	
819	0.702677026770267	
820	0.703487034870348	
821	0.7045270452704521	
822	0.7055970559705591	
823	0.7067570675706751	
824	0.7077470774707741	
825	0.7084370843708432	
826	0.7093470934709342	
827	0.7102771027710272	
828	0.7112471124711242	
829	0.7122871228712282	
830	0.7132971329713292	
831	0.7141371413714133	
832	0.7150771507715072	
833	0.7159871598715982	
834	0.7168371683716832	
835	0.7175971759717592	
836	0.7184171841718412	
837	0.7194071940719402	
838	0.7202172021720212	
839	0.7210372103721032	
840	0.7219872198721983	
841	0.7228872288722883	
842	0.7236772367723673	
843	0.7245672456724562	
844	0.7255472554725543	
845	0.7265472654726542	
846	0.7273272732727323	
847	0.7281572815728152	
848	0.7291372913729133	
849	0.7298872988729883	
850	0.7307773077730773	
851	0.7316273162731622	
852	0.7324373243732433	
853	0.7332873328733283	
854	0.7342473424734243	
855	0.7351273512735123	
856	0.7359073590735903	
857	0.7366073660736603	
858	0.7374073740737402	
859	0.7382973829738292	
860	0.7392273922739222	
861	0.7398973989739892	
862	0.7407174071740712	
863	0.7415974159741592	
864	0.7425874258742582	
865	0.7435274352743522	
866	0.7443474434744342	
867	0.7452474524745242	
868	0.7461274612746122	
869	0.7469074690746902	
870	0.7478374783747832	
871	0.7487474874748742	
872	0.7494874948749481	
873	0.7502775027750271	
874	0.7511475114751142	
875	0.7519375193751932	
876	0.7527575275752751	
877	0.7534375343753431	
878	0.7542775427754271	
879	0.7552175521755211	
880	0.7560175601756011	
881	0.7567975679756791	
882	0.757627576275762	
883	0.7583475834758341	
884	0.759237592375923	
885	0.759917599175991	
886	0.760757607576075	
887	0.761617616176161	
888	0.762247622476224	
889	0.763077630776307	
890	0.7638776387763869	
891	0.7647276472764719	
892	0.765327653276532	
893	0.766137661376613	
894	0.766917669176691	
895	0.767677676776767	
896	0.768527685276852	
897	0.769387693876938	
898	0.7701877018770179	
899	0.7709577095770949	
900	0.7718377183771828	
901	0.7726377263772628	
902	0.7733277332773318	
903	0.7741577415774148	
904	0.7748277482774818	
905	0.7756477564775638	
906	0.7764877648776478	
907	0.7773377733777328	
908	0.7780477804778038	
909	0.7789677896778958	
910	0.7796977969779688	
911	0.7805678056780558	
912	0.7812978129781288	
913	0.7819478194781938	
914	0.7828178281782808	
915	0.7837378373783729	
916	0.7844078440784399	
917	0.7851378513785129	
918	0.7858178581785809	
919	0.7866578665786649	
920	0.7873178731787309	
921	0.788067880678806	
922	0.78870788707887	
923	0.789527895278952	
924	0.7902379023790229	
925	0.7908879088790879	
926	0.7915379153791529	
927	0.7921879218792178	
928	0.7929179291792908	
929	0.7935379353793528	
930	0.7944179441794408	
931	0.7950979509795087	
932	0.7957079570795698	
933	0.7963679636796358	
934	0.7971379713797128	
935	0.7978979789797888	
936	0.7986379863798627	
937	0.7994079940799397	
938	0.8001680016800157	
939	0.8007480074800737	
940	0.8016080160801596	
941	0.8023080230802296	
942	0.8028980289802886	
943	0.8038080380803796	
944	0.8045780457804566	
945	0.8052780527805266	
946	0.8059980599805986	
947	0.8067280672806716	
948	0.8073680736807356	
949	0.8079580795807946	
950	0.8086480864808636	
951	0.8093080930809297	
952	0.8099980999809987	
953	0.8106181061810607	
954	0.8113881138811376	
955	0.8120881208812076	
956	0.8128081280812797	
957	0.8134681346813457	
958	0.8141081410814097	
959	0.8148281482814818	
960	0.8155581555815548	
961	0.8161081610816098	
962	0.8167081670816698	
963	0.8174481744817438	
964	0.8181881818818177	
965	0.8187981879818788	
966	0.8194881948819478	
967	0.8201182011820108	
968	0.8206082060820599	
969	0.8212282122821218	
970	0.8219682196821958	
971	0.8226882268822678	
972	0.8233482334823339	
973	0.8240082400823999	
974	0.8245682456824559	
975	0.8251782517825169	
976	0.8258882588825879	
977	0.8264982649826489	
978	0.8271082710827099	
979	0.827648276482764	
980	0.828318283182831	
981	0.8289382893828929	
982	0.829598295982959	
983	0.830168301683016	
984	0.830818308183081	
985	0.83160831608316	
986	0.832318323183231	
987	0.83280832808328	
988	0.833428334283342	
989	0.8341083410834099	
990	0.8348383483834829	
991	0.8354783547835469	
992	0.836198361983619	
993	0.836828368283682	
994	0.837328373283732	
995	0.837878378783787	
996	0.838518385183851	
997	0.839198391983919	
998	0.83980839808398	
999	0.840628406284062	
1000	0.841258412584125	
1001	0.841938419384193	
1002	0.842628426284262	
1003	0.843278432784327	
1004	0.84380843808438	
1005	0.844298442984429	
1006	0.844978449784497	
1007	0.845688456884568	
1008	0.8463684636846359	
1009	0.8469784697846969	
1010	0.8474584745847449	
1011	0.8481284812848119	
1012	0.8487484874848739	
1013	0.8493484934849339	
1014	0.850038500385003	
1015	0.850848508485084	
1016	0.851338513385133	
1017	0.85190851908519	
1018	0.8523385233852331	
1019	0.853018530185301	
1020	0.8536585365853651	
1021	0.8542985429854291	
1022	0.854828548285482	
1023	0.8554085540855401	
1024	0.8560185601856011	
1025	0.856638566385663	
1026	0.8571785717857171	
1027	0.8577385773857731	
1028	0.858358583585835	
1029	0.858838588385883	
1030	0.859338593385933	
1031	0.85980859808598	
1032	0.860398603986039	
1033	0.8610186101861009	
1034	0.861568615686156	
1035	0.8621586215862149	
1036	0.862588625886258	
1037	0.8630986309863089	
1038	0.8638086380863799	
1039	0.8642586425864248	
1040	0.8648186481864808	
1041	0.8654586545865448	
1042	0.8660186601866008	
1043	0.8665986659866588	
1044	0.8672086720867198	
1045	0.8678386783867829	
1046	0.8683386833868328	
1047	0.8688886888868879	
1048	0.8694086940869399	
1049	0.8699286992869919	
1050	0.870498704987049	
1051	0.871078710787107	
1052	0.871598715987159	
1053	0.872068720687206	
1054	0.872438724387243	
1055	0.872898728987289	
1056	0.873478734787347	
1057	0.873888738887388	
1058	0.874338743387433	
1059	0.874728747287472	
1060	0.875168751687516	
1061	0.8756187561875609	
1062	0.8760787607876069	
1063	0.8765587655876549	
1064	0.8771887718877179	
1065	0.877678776787767	
1066	0.878148781487814	
1067	0.878668786687866	
1068	0.87920879208792	
1069	0.879738797387973	
1070	0.8802788027880271	
1071	0.880668806688066	
1072	0.881088810888108	
1073	0.881518815188151	
1074	0.882028820288202	
1075	0.8824788247882469	
1076	0.8828988289882889	
1077	0.8834388343883429	
1078	0.8839088390883899	
1079	0.8843488434884339	
1080	0.8846688466884659	
1081	0.8851588515885149	
1082	0.8855388553885529	
1083	0.8859188591885909	
1084	0.8862988629886289	
1085	0.886758867588675	
1086	0.887068870688706	
1087	0.887448874488744	
1088	0.887968879688796	
1089	0.888428884288842	
1090	0.8889488894888941	
1091	0.889358893588935	
1092	0.88980889808898	
1093	0.890228902289022	
1094	0.8906789067890669	
1095	0.8909789097890969	
1096	0.8913889138891379	
1097	0.8918189181891809	
1098	0.8922489224892239	
1099	0.8927189271892709	
1100	0.893268932689326	
1101	0.8936589365893649	
1102	0.8940689406894059	
1103	0.8944789447894469	
1104	0.8948989489894889	
1105	0.8953589535895349	
1106	0.8958189581895809	
1107	0.8963689636896359	
1108	0.8968189681896809	
1109	0.8972089720897198	
1110	0.8975689756897558	
1111	0.8979789797897968	
1112	0.8985889858898578	
1113	0.8990489904899038	
1114	0.8993689936899358	
1115	0.8997789977899768	
1116	0.9000990009900088	
1117	0.9004990049900489	
1118	0.9009590095900949	
1119	0.9013590135901349	
1120	0.9016890168901679	
1121	0.9020690206902059	
1122	0.9024390243902429	
1123	0.902839028390283	
1124	0.903249032490324	
1125	0.903589035890358	
1126	0.903869038690386	
1127	0.9041790417904171	
1128	0.904449044490444	
1129	0.9048790487904871	
1130	0.9051890518905181	
1131	0.9056290562905621	
1132	0.9059690596905962	
1133	0.9063290632906321	
1134	0.9067390673906731	
1135	0.9071990719907191	
1136	0.9076790767907671	
1137	0.9081190811908111	
1138	0.908569085690856	
1139	0.908929089290892	
1140	0.9094690946909461	
1141	0.9097790977909771	
1142	0.9101491014910141	
1143	0.9105491054910542	
1144	0.9108291082910822	
1145	0.9112391123911232	
1146	0.9116091160911602	
1147	0.9119891198911982	
1148	0.9123191231912312	
1149	0.9128791287912872	
1150	0.9132891328913282	
1151	0.9136491364913641	
1152	0.9141991419914192	
1153	0.9145491454914542	
1154	0.9148791487914871	
1155	0.9152191521915212	
1156	0.9155191551915511	
1157	0.9159091590915901	
1158	0.9162491624916241	
1159	0.9167491674916741	
1160	0.9170191701917011	
1161	0.9173691736917361	
1162	0.9177091770917701	
1163	0.9179591795917952	
1164	0.9181991819918192	
1165	0.9185291852918521	
1166	0.9188691886918862	
1167	0.9193091930919302	
1168	0.9196091960919601	
1169	0.9200192001920011	
1170	0.9203092030920301	
1171	0.9206092060920601	
1172	0.9209292092920921	
1173	0.9212792127921271	
1174	0.9216792167921671	
1175	0.9221092210922102	
1176	0.9225092250922502	
1177	0.9228792287922872	
1178	0.9232092320923202	
1179	0.9235892358923582	
1180	0.9238392383923832	
1181	0.9241892418924182	
1182	0.9244492444924443	
1183	0.9247892478924783	
1184	0.9250692506925063	
1185	0.9253092530925303	
1186	0.9255992559925593	
1187	0.9259692596925964	
1188	0.9263192631926314	
1189	0.9266992669926694	
1190	0.9270792707927074	
1191	0.9274092740927403	
1192	0.9277592775927753	
1193	0.9280292802928023	
1194	0.9283192831928313	
1195	0.9286392863928633	
1196	0.9289392893928933	
1197	0.9292592925929253	
1198	0.9295992959929593	
1199	0.9298292982929823	
1200	0.9301793017930173	
1201	0.9304393043930433	
1202	0.9307593075930753	
1203	0.9310893108931083	
1204	0.9313193131931313	
1205	0.9316293162931624	
1206	0.9319193191931914	
1207	0.9322293222932224	
1208	0.9325293252932524	
1209	0.9327493274932744	
1210	0.9330293302933025	
1211	0.9333393333933335	
1212	0.9335293352933526	
1213	0.9338693386933866	
1214	0.9341993419934196	
1215	0.9343993439934396	
1216	0.9347293472934726	
1217	0.9350393503935036	
1218	0.9352793527935276	
1219	0.9355493554935546	
1220	0.9359193591935916	
1221	0.9361293612936126	
1222	0.9363893638936386	
1223	0.9367493674936745	
1224	0.9369893698936985	
1225	0.9373093730937305	
1226	0.9375093750937505	
1227	0.9377093770937706	
1228	0.9380493804938046	
1229	0.9382993829938296	
1230	0.9385593855938557	
1231	0.9388193881938817	
1232	0.9391193911939116	
1233	0.9394093940939406	
1234	0.9397093970939706	
1235	0.9399293992939927	
1236	0.9401694016940166	
1237	0.9404594045940456	
1238	0.9407594075940756	
1239	0.9410294102941026	
1240	0.9412594125941256	
1241	0.9414794147941477	
1242	0.9417794177941776	
1243	0.9419794197941976	
1244	0.9422994229942296	
1245	0.9424494244942446	
1246	0.9427694276942766	
1247	0.9430094300943006	
1248	0.9432394323943236	
1249	0.9434794347943476	
1250	0.9436394363943635	
1251	0.9438594385943856	
1252	0.9440994409944096	
1253	0.9443394433944335	
1254	0.9445794457944575	
1255	0.9447794477944775	
1256	0.9450294502945026	
1257	0.9452494524945246	
1258	0.9455394553945536	
1259	0.9458094580945806	
1260	0.9459994599945997	
1261	0.9462394623946236	
1262	0.9464794647946476	
1263	0.9467294672946727	
1264	0.9470294702947026	
1265	0.9472994729947296	
1266	0.9475594755947556	
1267	0.9478494784947846	
1268	0.9480794807948076	
1269	0.9483294832948327	
1270	0.9485494854948547	
1271	0.9488594885948858	
1272	0.9491394913949138	
1273	0.9493394933949338	
1274	0.9495894958949589	
1275	0.9498194981949819	
1276	0.9500495004950049	
1277	0.9502595025950259	
1278	0.9505695056950569	
1279	0.950849508495085	
1280	0.951049510495105	
1281	0.95139951399514	
1282	0.951689516895169	
1283	0.951889518895189	
1284	0.9521095210952111	
1285	0.952379523795238	
1286	0.9526095260952611	
1287	0.952759527595276	
1288	0.9530195301953021	
1289	0.953319533195332	
1290	0.953519535195352	
1291	0.9536895368953691	
1292	0.9539995399954001	
1293	0.9541995419954201	
1294	0.9544395443954441	
1295	0.9546495464954651	
1296	0.9548395483954841	
1297	0.9550995509955101	
1298	0.9552495524955251	
1299	0.9554395543955442	
1300	0.9556395563955642	
1301	0.9558295582955832	
1302	0.9560895608956093	
1303	0.9563695636956373	
1304	0.9566595665956663	
1305	0.9568995689956903	
1306	0.9570295702957032	
1307	0.9572195721957223	
1308	0.9574295742957433	
1309	0.9575695756957573	
1310	0.9578095780957813	
1311	0.9580295802958033	
1312	0.9582895828958293	
1313	0.9584395843958443	
1314	0.9586495864958653	
1315	0.9590195901959023	
1316	0.9592895928959293	
1317	0.9594495944959452	
1318	0.9595295952959533	
1319	0.9596695966959673	
1320	0.9598095980959813	
1321	0.9599895998959993	
1322	0.9602396023960243	
1323	0.9604396043960444	
1324	0.9606596065960664	
1325	0.9608996089960904	
1326	0.9610896108961094	
1327	0.9612896128961295	
1328	0.9614596145961465	
1329	0.9616796167961685	
1330	0.9618396183961845	
1331	0.9620596205962065	
1332	0.9622596225962265	
1333	0.9624196241962425	
1334	0.9625996259962605	
1335	0.9627896278962795	
1336	0.9630396303963046	
1337	0.9632196321963226	
1338	0.9634696346963476	
1339	0.9636796367963686	
1340	0.9639296392963936	
1341	0.9640496404964056	
1342	0.9642496424964256	
1343	0.9644196441964427	
1344	0.9645896458964597	
1345	0.9646996469964707	
1346	0.9648396483964847	
1347	0.9650296502965038	
1348	0.9651896518965197	
1349	0.9653496534965357	
1350	0.9654896548965497	
1351	0.9656396563965647	
1352	0.9658296582965837	
1353	0.9660296602966038	
1354	0.9661796617966187	
1355	0.9662696626966277	
1356	0.9663796637966388	
1357	0.9665196651966528	
1358	0.9666996669966708	
1359	0.9668896688966898	
1360	0.9670296702967038	
1361	0.9672596725967268	
1362	0.9673296732967338	
1363	0.9675496754967559	
1364	0.9677696776967779	
1365	0.9679396793967949	
1366	0.9681496814968159	
1367	0.9683096830968319	
1368	0.9684796847968489	
1369	0.9685896858968599	
1370	0.9687196871968728	
1371	0.9688696886968878	
1372	0.9690096900969019	
1373	0.9691396913969148	
1374	0.9693596935969369	
1375	0.9694796947969488	
1376	0.9696896968969698	
1377	0.9698196981969828	
1378	0.9699296992969938	
1379	0.9700997009970108	
1380	0.9703497034970359	
1381	0.9704897048970499	
1382	0.9706397063970649	
1383	0.9707697076970778	
1384	0.9709197091970928	
1385	0.9710497104971058	
1386	0.9711297112971138	
1387	0.9712697126971278	
1388	0.9714697146971478	
1389	0.9716597165971669	
1390	0.9717397173971749	
1391	0.9718797187971889	
1392	0.9719497194971959	
1393	0.9720297202972039	
1394	0.9721397213972149	
1395	0.972309723097232	
1396	0.972419724197243	
1397	0.972599725997261	
1398	0.972739727397275	
1399	0.972949729497296	
1400	0.9730797307973089	
1401	0.9732397323973249	
1402	0.9733597335973369	
1403	0.9734897348973498	
1404	0.9736197361973628	
1405	0.9737697376973777	
1406	0.9738897388973897	
1407	0.9740297402974037	
1408	0.9741497414974157	
1409	0.9742597425974268	
1410	0.9743697436974378	
1411	0.9744697446974477	
1412	0.9745897458974597	
1413	0.9747297472974737	
1414	0.9747997479974807	
1415	0.9749397493974947	
1416	0.9751497514975157	
1417	0.9752497524975257	
1418	0.9754197541975427	
1419	0.9755297552975537	
1420	0.9756897568975696	
1421	0.9758397583975846	
1422	0.9759697596975976	
1423	0.9760597605976066	
1424	0.9762697626976276	
1425	0.9763897638976395	
1426	0.9765397653976545	
1427	0.9766397663976645	
1428	0.9767397673976744	
1429	0.9768897688976894	
1430	0.9769997699977004	
1431	0.9771397713977145	
1432	0.9772497724977255	
1433	0.9773897738977395	
1434	0.9775197751977525	
1435	0.9776497764977654	
1436	0.9777797777977784	
1437	0.9779197791977924	
1438	0.9780197801978023	
1439	0.9781297812978134	
1440	0.9783297832978334	
1441	0.9784597845978463	
1442	0.9785097850978514	
1443	0.9785897858978594	
1444	0.9786697866978674	
1445	0.9787997879978804	
1446	0.9789197891978924	
1447	0.9790497904979053	
1448	0.9791497914979153	
1449	0.9792597925979263	
1450	0.9793697936979373	
1451	0.9794697946979473	
1452	0.9795597955979563	
1453	0.9796997969979703	
1454	0.9797497974979753	
1455	0.9798697986979873	
1456	0.9799097990979913	
1457	0.9800298002980032	
1458	0.9801798017980182	
1459	0.9802698026980272	
1460	0.9803398033980342	
1461	0.9804398043980441	
1462	0.9805498054980551	
1463	0.9806798067980681	
1464	0.980779807798078	
1465	0.980869808698087	
1466	0.9809798097980981	
1467	0.981109811098111	
1468	0.981209812098121	
1469	0.981259812598126	
1470	0.981379813798138	
1471	0.981439814398144	
1472	0.981549815498155	
1473	0.981609816098161	
1474	0.981719817198172	
1475	0.981809818098181	
1476	0.981889818898189	
1477	0.981989819898199	
1478	0.982089820898209	
1479	0.9821598215982159	
1480	0.9822998229982299	
1481	0.9824298242982429	
1482	0.9825398253982539	
1483	0.9826098260982609	
1484	0.9826698266982669	
1485	0.9828198281982818	
1486	0.9829398293982938	
1487	0.9830498304983049	
1488	0.9831498314983148	
1489	0.9832698326983268	
1490	0.9833398333983338	
1491	0.9834098340983407	
1492	0.9835298352983527	
1493	0.9836798367983677	
1494	0.9837098370983707	
1495	0.9838298382983827	
1496	0.9838898388983887	
1497	0.9840298402984027	
1498	0.9841298412984126	
1499	0.9841898418984186	
1500	0.9842198421984216	
1501	0.9843398433984336	
1502	0.9844298442984426	
1503	0.9845098450984506	
1504	0.9845998459984596	
1505	0.9846998469984696	
1506	0.9848298482984825	
1507	0.9848698486984865	
1508	0.9849398493984934	
1509	0.9850398503985034	
1510	0.9851198511985114	
1511	0.9852298522985224	
1512	0.9852698526985264	
1513	0.9854398543985434	
1514	0.9854998549985494	
1515	0.9855698556985564	
1516	0.9856198561985614	
1517	0.9856998569985694	
1518	0.9857398573985734	
1519	0.9857998579985794	
1520	0.9858798587985874	
1521	0.9859198591985914	
1522	0.9859998599985994	
1523	0.9861198611986114	
1524	0.9861998619986194	
1525	0.9863098630986304	
1526	0.9863698636986364	
1527	0.9864698646986464	
1528	0.9865498654986544	
1529	0.9866098660986604	
1530	0.9867098670986704	
1531	0.9867598675986754	
1532	0.9868098680986804	
1533	0.9868998689986894	
1534	0.9870198701987014	
1535	0.9871098710987104	
1536	0.9871698716987164	
1537	0.9872498724987244	
1538	0.9873298732987325	
1539	0.9873798737987375	
1540	0.9874498744987444	
1541	0.9875098750987504	
1542	0.9875298752987525	
1543	0.9875998759987594	
1544	0.9876498764987645	
1545	0.9877398773987734	
1546	0.9878098780987804	
1547	0.9879298792987924	
1548	0.9879998799987993	
1549	0.9880798807988074	
1550	0.9881298812988124	
1551	0.9881898818988184	
1552	0.9882298822988224	
1553	0.9882798827988274	
1554	0.9883898838988384	
1555	0.9884598845988454	
1556	0.9885398853988534	
1557	0.9885698856988564	
1558	0.9886698866988664	
1559	0.9886998869988693	
1560	0.9887198871988714	
1561	0.9887598875988753	
1562	0.9888398883988834	
1563	0.9889098890988903	
1564	0.9889398893988933	
1565	0.9890098900989003	
1566	0.9890398903989033	
1567	0.9890898908989083	
1568	0.9891498914989143	
1569	0.9892598925989253	
1570	0.9893098930989304	
1571	0.9893798937989373	
1572	0.9894298942989423	
1573	0.9894798947989474	
1574	0.9895798957989573	
1575	0.9896298962989624	
1576	0.9896998969989693	
1577	0.9897598975989753	
1578	0.9897998979989793	
1579	0.9898598985989853	
1580	0.9899698996989963	
1581	0.9900499004990043	
1582	0.9900799007990073	
1583	0.9901299012990123	
1584	0.9901999019990193	
1585	0.9902399023990233	
1586	0.9902899028990283	
1587	0.9903399033990333	
1588	0.9903699036990363	
1589	0.9903899038990384	
1590	0.9904499044990444	
1591	0.9904799047990474	
1592	0.9905899058990584	
1593	0.9906399063990634	
1594	0.9907199071990714	
1595	0.9907399073990735	
1596	0.9908099080990804	
1597	0.9908699086990864	
1598	0.9909099090990904	
1599	0.9909499094990943	
1600	0.9910199101991013	
1601	0.9910599105991053	
1602	0.9910799107991073	
1603	0.9911099110991103	
1604	0.9911199111991112	
1605	0.9912199121991212	
1606	0.9912499124991242	
1607	0.9912899128991282	
1608	0.9913399133991332	
1609	0.9914099140991401	
1610	0.9914899148991482	
1611	0.9914999149991491	
1612	0.9915299152991521	
1613	0.9915499154991542	
1614	0.9916099160991602	
1615	0.9916599165991652	
1616	0.9917199171991712	
1617	0.9917499174991742	
1618	0.9917899178991781	
1619	0.9918299182991821	
1620	0.9918599185991851	
1621	0.991929919299192	
1622	0.9919499194991941	
1623	0.991959919599195	
1624	0.991989919899198	
1625	0.992079920799207	
1626	0.992119921199211	
1627	0.992149921499214	
1628	0.992159921599215	
1629	0.992249922499224	
1630	0.992269922699226	
1631	0.9923099230992299	
1632	0.9923799237992369	
1633	0.9924299242992419	
1634	0.9924899248992479	
1635	0.9925199251992509	
1636	0.992569925699256	
1637	0.992649926499264	
1638	0.99270992709927	
1639	0.9927499274992739	
1640	0.9927799277992769	
1641	0.992829928299282	
1642	0.992879928799287	
1643	0.99290992909929	
1644	0.992949929499294	
1645	0.992969929699296	
1646	0.993029930299302	
1647	0.993059930599305	
1648	0.993119931199311	
1649	0.993139931399313	
1650	0.993159931599315	
1651	0.993229932299322	
1652	0.993289932899328	
1653	0.993319933199331	
1654	0.993329933299332	
1655	0.993349933499334	
1656	0.993369933699336	
1657	0.993459934599345	
1658	0.993529935299352	
1659	0.993549935499354	
1660	0.993589935899358	
1661	0.9936899368993679	
1663	0.9937299372993719	
1664	0.9937399373993728	
1665	0.9937699376993758	
1666	0.9938199381993809	
1667	0.9938699386993859	
1668	0.9938999389993889	
1669	0.9939399393993928	
1670	0.9939799397993968	
1671	0.9940499404994038	
1672	0.9940999409994088	
1673	0.9941099410994098	
1674	0.9941299412994118	
1675	0.9941699416994157	
1676	0.9941899418994178	
1677	0.9942099420994198	
1678	0.9942399423994228	
1679	0.9942699426994258	
1680	0.9942799427994268	
1681	0.9943199431994307	
1682	0.9943799437994367	
1683	0.9944299442994418	
1684	0.9944899448994478	
1685	0.9945399453994528	
1686	0.9945699456994558	
1687	0.9946099460994597	
1689	0.9946199461994607	
1690	0.9946299462994617	
1691	0.9946499464994637	
1692	0.9947099470994697	
1693	0.9947399473994727	
1694	0.9947699476994757	
1695	0.9948199481994807	
1696	0.9948299482994817	
1697	0.9948799487994867	
1698	0.9949199491994907	
1699	0.9949699496994957	
1701	0.9949899498994977	
1702	0.9950199501995007	
1703	0.9950699506995058	
1704	0.9950799507995067	
1705	0.9950899508995077	
1707	0.9951299512995117	
1708	0.9951999519995186	
1709	0.9952199521995206	
1710	0.9952399523995227	
1711	0.9952899528995277	
1712	0.9953299532995317	
1713	0.9953499534995337	
1714	0.9953699536995357	
1715	0.9954199541995408	
1716	0.9954599545995447	
1717	0.9954799547995468	
1718	0.9955099550995498	
1719	0.9955299552995518	
1720	0.9955499554995538	
1721	0.9955899558995578	
1722	0.9956099560995598	
1723	0.9956199561995608	
1724	0.9956499564995638	
1725	0.9956899568995677	
1726	0.9956999569995687	
1727	0.9957199571995707	
1728	0.9957399573995728	
1729	0.9957499574995737	
1730	0.9957799577995767	
1731	0.9958299582995818	
1732	0.9958399583995827	
1733	0.9958499584995837	
1734	0.9958699586995857	
1735	0.9959199591995908	
1736	0.9959399593995928	
1737	0.9959699596995958	
1738	0.9959899598995978	
1740	0.9960099600995999	
1741	0.9960299602996019	
1742	0.9960399603996029	
1743	0.9960499604996038	
1744	0.9960599605996048	
1745	0.9960899608996078	
1746	0.9961099610996098	
1747	0.9961199611996108	
1748	0.9961599615996147	
1749	0.9961999619996187	
1751	0.9962099620996197	
1752	0.9962199621996206	
1753	0.9962499624996236	
1755	0.9962699626996256	
1756	0.9963099630996296	
1758	0.9963299632996316	
1759	0.9963499634996337	
1760	0.9963899638996376	
1761	0.9964099640996397	
1762	0.9964399643996427	
1763	0.9964499644996436	
1764	0.9964699646996457	
1766	0.9964999649996487	
1768	0.9965199651996507	
1769	0.9965499654996537	
1770	0.9965799657996567	
1771	0.9966299662996617	
1773	0.9966399663996627	
1775	0.9966499664996636	
1777	0.9966699666996657	
1779	0.9966899668996677	
1780	0.9966999669996687	
1781	0.9967299672996717	
1782	0.9967699676996756	
1783	0.9967999679996786	
1784	0.9968299682996816	
1786	0.9968399683996826	
1788	0.9968499684996835	
1789	0.9968799687996865	
1790	0.9968999689996886	
1792	0.9969099690996895	
1793	0.9969199691996905	
1794	0.9969499694996935	
1796	0.9969699696996955	
1798	0.9969999699996985	
1800	0.9970099700996995	
1802	0.9970399703997025	
1803	0.9970699706997055	
1804	0.9970899708997075	
1805	0.9971199711997105	
1807	0.9971299712997115	
1808	0.9971499714997135	
1809	0.9971599715997145	
1811	0.9971699716997154	
1812	0.9971999719997184	
1813	0.9972299722997214	
1814	0.9972499724997235	
1815	0.9972699726997255	
1816	0.9972899728997275	
1817	0.9972999729997285	
1818	0.9973199731997305	
1820	0.9973399733997326	
1821	0.9973599735997346	
1822	0.9973999739997386	
1824	0.9974099740997395	
1825	0.9974299742997416	
1827	0.9974599745997446	
1828	0.9974699746997455	
1829	0.9974999749997485	
1830	0.9975199751997506	
1831	0.9975299752997515	
1832	0.9975399753997525	
1833	0.9975499754997534	
1834	0.9975599755997544	
1835	0.9975999759997584	
1836	0.9976499764997634	
1837	0.9976599765997644	
1838	0.9976799767997664	
1840	0.9976999769997684	
1842	0.9977299772997714	
1843	0.9977599775997744	
1845	0.9977699776997754	
1847	0.9977799777997763	
1848	0.9977899778997773	
1849	0.9977999779997783	
1851	0.9978099780997792	
1852	0.9978199781997802	
1853	0.9978399783997822	
1854	0.9978499784997832	
1855	0.9978599785997841	
1856	0.9978699786997851	
1857	0.9978799787997861	
1858	0.997889978899787	
1859	0.9979099790997891	
1860	0.9979299792997911	
1861	0.9979399793997921	
1862	0.9979699796997951	
1864	0.9979899798997971	
1865	0.9979999799997981	
1867	0.998009980099799	
1868	0.9980199801998	
1870	0.998039980399802	
1871	0.998049980499803	
1872	0.998069980699805	
1873	0.998079980799806	
1874	0.998099980999808	
1875	0.998109981099809	
1876	0.998129981299811	
1878	0.998159981599814	
1879	0.998189981899817	
1880	0.998199981999818	
1881	0.99821998219982	
1883	0.998249982499823	
1884	0.998279982799826	
1887	0.998289982899827	
1888	0.9982999829998279	
1889	0.9983099830998289	
1890	0.9983199831998298	
1892	0.9983299832998308	
1893	0.9983499834998328	
1895	0.9983699836998349	
1901	0.9983799837998358	
1902	0.9983899838998368	
1904	0.9983999839998378	
1905	0.9984099840998387	
1908	0.9984299842998408	
1909	0.9984399843998417	
1910	0.9984499844998427	
1911	0.9984799847998457	
1914	0.9984899848998466	
1915	0.9985099850998487	
1918	0.9985199851998496	
1920	0.9985399853998517	
1921	0.9985599855998537	
1922	0.9985699856998547	
1923	0.9985899858998567	
1925	0.9985999859998577	
1926	0.9986099860998586	
1927	0.9986299862998607	
1930	0.9986399863998616	
1933	0.9986499864998626	
1936	0.9986699866998646	
1937	0.9986899868998667	
1938	0.9987199871998697	
1939	0.9987399873998717	
1940	0.9987499874998726	
1943	0.9987599875998736	
1945	0.9987699876998746	
1946	0.9987899878998766	
1947	0.9988099880998786	
1948	0.9988199881998796	
1949	0.9988299882998806	
1951	0.9988399883998815	
1953	0.9988499884998825	
1956	0.9988699886998845	
1959	0.9988999889998875	
1961	0.9989099890998885	
1964	0.9989199891998894	
1966	0.9989299892998904	
1967	0.9989399893998914	
1969	0.9989499894998923	
1970	0.9989599895998933	
1973	0.9989799897998953	
1974	0.9989999899998974	
1975	0.9990199901998994	
1976	0.9990399903999014	
1977	0.9990499904999024	
1978	0.9990599905999034	
1979	0.9990699906999043	
1980	0.9990799907999053	
1981	0.9990899908999062	
1983	0.9990999909999072	
1988	0.9991199911999092	
1989	0.9991299912999102	
1990	0.9991399913999112	
1993	0.9991599915999132	
1994	0.9991699916999142	
1999	0.9991799917999151	
2001	0.9991899918999161	
2002	0.999199991999917	
2003	0.999209992099918	
2004	0.999219992199919	
2007	0.9992299922999199	
2009	0.9992399923999209	
2010	0.9992599925999229	
2011	0.999279992799925	
2012	0.9992899928999259	
2016	0.9992999929999269	
2020	0.9993099930999279	
2027	0.9993299932999299	
2034	0.9993399933999308	
2035	0.9993599935999329	
2036	0.9993699936999338	
2044	0.9993799937999348	
2047	0.9993899938999358	
2048	0.9993999939999367	
2051	0.9994099940999377	
2053	0.9994199941999387	
2055	0.9994299942999396	
2056	0.9994399943999406	
2062	0.9994499944999415	
2069	0.9994599945999425	
2076	0.9994699946999435	
2077	0.9994799947999444	
2080	0.9994899948999454	
2082	0.9994999949999464	
2084	0.9995099950999473	
2088	0.9995199951999483	
2091	0.9995399953999503	
2099	0.9995499954999513	
2101	0.9995599955999522	
2109	0.9995799957999543	
2111	0.9995899958999552	
2113	0.9995999959999562	
2121	0.9996099960999572	
2122	0.9996199961999581	
2124	0.9996299962999591	
2128	0.99963999639996	
2141	0.999649996499961	
2147	0.999659996599962	
2150	0.9996699966999629	
2151	0.9996799967999639	
2158	0.9997099970999669	
2159	0.9997199971999678	
2161	0.9997299972999688	
2182	0.9997399973999698	
2187	0.9997499974999707	
2195	0.9997599975999717	
2196	0.9997699976999727	
2205	0.9997799977999736	
2225	0.9997899978999746	
2231	0.9997999979999755	
2242	0.9998099980999765	
2244	0.9998199981999775	
2252	0.9998299982999784	
2258	0.9998399983999794	
2260	0.9998499984999804	
2268	0.9998599985999813	
2276	0.9998699986999823	
2296	0.9998799987999832	
2299	0.9998899988999842	
2311	0.9998999989999852	
2325	0.9999199991999872	
2347	0.9999299992999882	
2405	0.9999399993999891	
2410	0.9999499994999901	
2431	0.999959999599991	
2442	0.999969999699992	
2451	0.999979999799993	
2576	0.9999899998999939	
2580	0.9999999999999949	
